pixel,value,bettle
84350592,0.007027103008745454,False
84350593,0.0017560028832595011,False
84350594,-0.023128667936885144,False
84350595,-0.022400036713336652,False
84350596,0.01126314851241595,False
84350597,-0.013535386186867851,False
84350598,-0.012923440420629373,False
84350599,0.0027628267751540897,False
84350600,-0.05242826929633995,False
84350601,-0.06283364658285512,False
84350602,-0.02142183184410615,False
84350603,0.07530690645164775,False
84350604,0.03302014208727512,False
84350605,0.04036428789794537,False
84350606,0.13228950715281543,False
84350607,0.07382936820992098,False
84350608,0.10967683426982633,False
84350609,0.03180449768115071,False
84350610,0.03759696329010886,False
84350611,0.08904088004709453,False
84350612,0.011361132213055411,False
84350613,-0.05235479841263893,False
84350614,-0.12319365724850703,True
84350615,-0.05055866039409612,False
84350616,0.031004697175157414,False
84350617,0.039314530276573806,False
84350618,-0.036342006572212,False
84350619,-0.0010005606428690485,False
84350620,-0.06381435850306948,False
84350621,-0.06813497631023449,False
84350622,-0.06967787664758321,False
84350623,-0.03715770284360714,False
84350624,0.06489784839077405,False
84350625,0.1132101750133909,False
84350626,0.0724422401191114,False
84350627,-0.038392855488061754,False
84350628,0.13335827891167637,False
84357312,0.003209301372248278,False
84357313,0.015579465364198774,False
84357314,-0.004682625848047866,False
84357315,-0.019918784025123513,False
84357316,-0.009591075152190879,False
84357317,-0.034009131992755404,False
84357318,-0.03507546264949933,False
84357319,-0.051534932512267574,False
84357320,-0.12118347648041751,True
84357321,-0.107315489400027,True
84357322,0.060212459368016155,False
84357323,-0.013907205905973555,False
84357324,0.0015708779469164732,False
84357325,0.045527508919184605,False
84357326,0.03375187524533168,False
84357327,0.03555416697123053,False
84357328,-0.05177153058238519,False
84357329,0.029544296337182193,False
84357330,0.05258082258961077,False
84357331,0.024509116951166005,False
84357332,0.06346943401963011,False
84357333,0.04134561123716717,False
84357334,-0.037587932216710515,False
84357335,0.017069425011669918,False
84357336,0.08289291394812887,False
84357337,-0.08445902580454989,False
84357338,0.000367034838363884,False
84357339,0.030556650763413486,False
84357340,0.023190066725020587,False
84357341,0.029889627858706795,False
84357342,0.010720810721980608,False
84357343,-0.0695954049409459,False
84357344,-0.07527078573281121,False
84357345,-0.03516641948341218,False
84357346,0.0035525135215515404,False
84357347,-0.03280763838574912,False
84357348,0.10169172603818942,False
84357349,0.06277177369450497,False
84357350,-0.00198307035957147,False
84363954,-0.029453931740152567,False
84363955,-0.0035853039249360025,False
84363956,-0.04642160254158818,False
84363957,-0.07631674628542605,False
84363958,-0.06671436504195184,False
84363959,-0.04183386242441223,False
84363960,-0.021956425696262064,False
84363961,-0.07792075988642257,False
84363962,-0.08631819168985655,False
84363963,-0.0453176049287619,False
84363964,0.04261193341588087,False
84363965,-0.03625361276125604,False
84363966,0.08296154175885258,False
84363967,0.06311821270946508,False
84363968,-0.09887470124216291,False
84363969,-0.06550201302170655,False
84363970,-0.04402992670065139,False
84363971,0.07728347635403762,False
84363972,0.08996775708836806,False
84363973,0.05327915792793777,False
84363974,0.011711145145894568,False
84363975,0.07526147762237524,False
84363976,0.06396597741998555,False
84363977,-0.06613452095248382,False
84363978,-0.09247669611821575,False
84363979,0.017642726873912593,False
84363980,-0.018530587239811016,False
84363981,-0.038770799386049354,False
84363982,-0.017948916635470394,False
84363983,-0.042722128605699905,False
84363984,0.019454503600580042,False
84363985,-0.023072290018948362,False
84363986,-0.058471791287827556,False
84363987,-0.04681048037905087,False
84363988,-0.01776511541575179,False
84363989,0.0023348726420509523,False
84363990,-0.06864174806262302,False
84363991,-0.021530011502871718,False
84363992,-0.04960569486028757,False
84363993,-0.019816005229949946,False
84370544,0.0061117602538650374,False
84370545,-0.019941008421392875,False
84370546,0.11171444244398075,False
84370547,-0.11198871181824946,True
84370548,-0.11878452790099558,True
84370549,-0.06751983381773415,False
84370550,-0.046896433830261215,False
84370551,-0.05049743910303884,False
84370552,-0.008159215820059617,False
84370553,-0.008854181668627444,False
84370554,-0.001116514311717478,False
84370555,-0.06492946770229208,False
84370556,-0.09714542870613489,False
84370557,0.11449471708265413,False
84370558,-0.10999834617612793,True
84370559,,False
84370560,-0.056630319815683144,False
84370561,0.09945266247705685,False
84370562,0.1238950531761588,False
84370563,0.0697939533464491,False
84370564,-0.024458194501345024,False
84370565,-0.03571058895057138,False
84370566,0.08444012737874586,False
84370567,0.019775034877661437,False
84370568,-0.10878696705814259,True
84370569,0.035000733498356223,False
84370570,-0.017585110689164844,False
84370571,-0.03865138697815029,False
84370572,-0.08952451921631799,False
84370573,-0.05500512355181948,False
84370574,0.05542466770827441,False
84370575,-0.03798185050128894,False
84370576,-0.10302116091780282,True
84370577,0.017911810879221213,False
84370578,-0.058675730916535114,False
84370579,-0.023362105265066782,False
84370580,-0.06752661789897296,False
84370581,-0.13492123449374271,True
84370582,-0.11760888507853384,True
84370583,-0.06558932701856394,False
84377144,0.04794026132204077,False
84377145,-0.018649606018164396,False
84377146,0.08493336098402751,False
84377147,-0.10720970336599595,True
84377148,-0.10897080640917646,True
84377149,-0.08705659608585192,False
84377150,-0.07513106640427483,False
84377151,-0.019571443776581127,False
84377152,0.07254811596052871,False
84377153,0.09433468535592655,False
84377154,0.08097385947058665,False
84377155,0.0012093331231966932,False
84377156,0.15498386910105516,False
84377157,0.11980524877469033,False
84377158,-0.007998735600630824,False
84377159,-0.11651781601769717,True
84377160,-0.014268496621115448,False
84377161,0.0738583735727868,False
84377162,0.018926922149086606,False
84377163,-0.04205868600642437,False
84377164,0.0467815073845365,False
84377165,-0.02409878395212011,False
84377166,-0.01719747619199443,False
84377167,0.041156948051434536,False
84377168,-0.045446416355363506,False
84377169,0.050278093376097205,False
84377170,-0.04873901974737433,False
84377171,-0.05535837430194831,False
84377172,0.04577352182847227,False
84377173,-0.07558156335586973,False
84377174,-0.03912720968289724,False
84377175,-0.06437515472335956,False
84377176,0.021899703988890393,False
84377177,-0.01288399283632517,False
84377178,-0.09868894785687965,False
84377179,-0.0983195375646584,False
84377180,-0.032208052175261244,False
84377181,-0.05144309310440555,False
84383728,-0.01927854646765327,False
84383729,-0.012482061939920495,False
84383730,0.16002395516262846,False
84383731,-0.07662333172636282,False
84383732,-0.12872430055325249,True
84383733,-0.0884261578777658,False
84383734,-0.0396006635540999,False
84383735,0.07606877754445124,False
84383736,0.11434769921321346,False
84383737,0.10720727409539323,False
84383738,-0.04666041363888893,False
84383739,-0.011628307051149218,False
84383740,0.049688892293575024,False
84383741,0.16624230389128433,False
84383742,0.033897081500444085,False
84383743,-0.16324915859560887,True
84383744,0.07413517488032993,False
84383745,-0.06677750914965376,False
84383746,-0.04395573596570779,False
84383747,,False
84383748,-0.11266043765914575,True
84383749,0.12448714933680173,False
84383750,0.0021180053892914715,False
84383751,-0.057392771199704776,False
84383752,0.05484854237914676,False
84383753,0.0764305986038867,False
84383754,-0.0018039325737345174,False
84383755,-0.0028048585682079958,False
84383756,-0.0018061219441060869,False
84383757,-0.001259106903654601,False
84383758,0.013380842276683007,False
84383759,-0.06899861534597358,False
84383760,-0.007992568045491654,False
84383761,0.14513754107419813,False
84383762,0.027561961738352014,False
84383763,-0.1184607385486082,True
84383764,-0.07382786669171622,False
84383765,0.03151209792537395,False
84383766,-0.06386827995110556,False
84390334,0.0011508427885627448,False
84390335,-0.010690081770332087,False
84390336,-0.03468899797339935,False
84390337,-0.03567895671072132,False
84390338,-0.05487311542836485,False
84390339,-0.029017508944328158,False
84390340,-0.049940178814750956,False
84390341,0.08638738619580166,False
84390342,0.09114156341773226,False
84390343,0.16817773152018992,False
84390344,0.030109493386026163,False
84390345,-0.044711475233438665,False
84390346,0.03954997474313505,False
84390347,0.05126766541745317,False
84390348,-0.07093589457163474,False
84390349,-0.04441596247337598,False
84390350,0.055747580016827544,False
84390351,-0.07670075351928106,False
84390352,-0.02783915396600926,False
84390353,0.06165499128789911,False
84390354,-0.06844650492321609,False
84390355,-0.12631703899287836,True
84390356,-0.05035768643166305,False
84390357,0.12966920456674266,False
84390358,0.010050316320241445,False
84390359,-0.028314722803622135,False
84390360,-0.004447668559378309,False
84390361,0.0015669292799530372,False
84390362,0.010884188260815934,False
84390363,0.012844290105671662,False
84390364,0.043368871543576874,False
84390365,0.00884031322392141,False
84390366,-0.08712033417885162,False
84390367,0.01132360871425031,False
84390368,0.02598581047619726,False
84390369,0.03543524593615231,False
84390370,-0.049313148257943064,False
84390371,-0.05516717476617402,False
84390372,-0.03695929273302026,False
84390373,0.032660703772633866,False
84390374,-0.05325870350951274,False
84396962,-0.006186748506490666,False
84396963,0.017057312096888145,False
84396964,-0.032109870487629366,False
84396965,-0.07770388535942421,False
84396966,-0.039443339396339705,False
84396967,-0.02064963086405526,False
84396968,-0.05732619520265952,False
84396969,-0.049863438885083156,False
84396970,-0.0291978478198308,False
84396971,-0.07446793486806158,False
84396972,0.0230578609206568,False
84396973,-0.05629989530539105,False
84396974,0.016860988454695663,False
84396975,0.03990104378774425,False
84396976,0.036963482502048034,False
84396977,0.06947759396698566,False
84396978,0.03201241371384452,False
84396979,0.051702066048980526,False
84396980,-0.012515004069055237,False
84396981,-0.024152295621819055,False
84396982,-0.06537114201771405,False
84396983,0.030369815820807503,False
84396984,0.06365964167173999,False
84396985,0.08234476381864103,False
84396986,0.0607885631563749,False
84396987,-0.15538480219981973,True
84396988,-0.0877916520794447,False
84396989,-0.06346386796472431,False
84396990,-0.0312215365109256,False
84396991,-0.01950987130842154,False
84396992,-0.011574111903910276,False
84396993,-0.019266636644802698,False
84396994,-0.011012417477009316,False
84396995,0.07239744244526992,False
84396996,0.024798079683659432,False
84396997,0.004391376290730276,False
84396998,-0.05749186318013031,False
84396999,0.000600088082500182,False
84397000,0.03410058380922347,False
84397001,-0.0703698940321254,False
84397002,-0.021753723960101706,False
84403570,-0.032195679936633984,False
84403571,-0.023103465621182852,False
84403572,-0.03086104312799902,False
84403573,-0.06449094692644045,False
84403574,-0.033378528409384295,False
84403575,-0.035533975224332326,False
84403576,-0.06860520103936267,False
84403577,-0.07971207105174573,False
84403578,0.05085531151084231,False
84403579,0.06257604805882659,False
84403580,0.0016991388691118842,False
84403581,-0.0467329424858031,False
84403582,-0.017782714808544674,False
84403583,0.10867311399167795,False
84403584,0.05373417817854932,False
84403585,0.1004118728855762,False
84403586,0.014467049282901979,False
84403587,-0.017128250533257547,False
84403588,-0.00859396505800748,False
84403589,-0.02618305789949962,False
84403590,0.06475014368109071,False
84403591,0.06578209558163427,False
84403592,-0.022802263165218953,False
84403593,0.05253815272429906,False
84403594,-0.08917601689814497,False
84403595,0.06820707857924188,False
84403596,-0.06081024735312444,False
84403597,-0.010000417780801438,False
84403598,0.009159776539143023,False
84403599,-0.030887138956755603,False
84403600,-0.016585408570675066,False
84403601,-0.013698170114614095,False
84403602,0.009288156340633912,False
84403603,0.11114310966104857,False
84403604,0.020342763002954324,False
84403605,-0.07751005189248047,False
84403606,-0.08483598802127043,False
84403607,0.026147000940845568,False
84403608,-0.00745840451515151,False
84403609,-0.014253644283494326,False
84403610,0.020013142417228184,False
84410168,-0.03349570109300071,False
84410169,-0.018349018300628055,False
84410170,-0.0003531075837791319,False
84410171,-0.06676219236813959,False
84410172,-0.02763298318257989,False
84410173,-0.036045179248522956,False
84410174,-0.02547122728632452,False
84410175,-0.07656992627282411,False
84410176,0.06863192619500587,False
84410177,0.08055078384630027,False
84410178,-0.016739662294251313,False
84410179,-0.05854769470513893,False
84410180,-0.02653458748677926,False
84410181,0.11652204938027867,False
84410182,-0.020591142118344428,False
84410183,0.04110235127135048,False
84410184,0.04084111632844441,False
84410185,0.030143544685180254,False
84410186,0.12382407215473454,False
84410187,0.059936426303375104,False
84410188,-0.015776877499450413,False
84410189,-0.00814642012085381,False
84410190,0.04787386698385196,False
84410191,-0.012935508668958609,False
84410192,-0.0368481915436663,False
84410193,-0.03092515617815736,False
84410194,-0.01993858415676355,False
84410195,-0.018672007431937913,False
84410196,-0.08878509373984406,False
84410197,-0.03482392638253996,False
84410198,0.010976920894538736,False
84410199,0.0141280851694467,False
84410200,-0.04080291539207028,False
84410201,0.04048556801278648,False
84410202,-0.049174471634054445,False
84410203,-0.12559661024945526,True
84410204,-0.08838001291922334,False
84410205,-0.005321194512809741,False
84410206,-0.009895980563319726,False
84410207,-0.039192241906294126,False
84416715,-0.03207096374382319,False
84416716,-0.06302455875020689,False
84416717,-0.10633519047818235,True
84416718,-0.01302042626829057,False
84416719,-0.019599492604266872,False
84416720,-0.029508216925887506,False
84416721,-0.02894101683438668,False
84416722,-0.013930044774360013,False
84416723,0.05320838429665213,False
84416724,0.12521922313922415,False
84416725,-0.0648858728737485,False
84416726,-0.058145132480776025,False
84416727,0.07039318142998487,False
84416728,0.13881268909822952,False
84416729,0.014460425129873748,False
84416730,-0.010109464470858504,False
84416731,0.0005736947878914158,False
84416732,0.13768893271513416,False
84416733,0.007098046682973128,False
84416734,-0.04580057466927553,False
84416735,-0.06411949520417654,False
84416736,-0.059398989199130905,False
84416737,0.020692889112943577,False
84416738,-0.05908495607315473,False
84416739,-0.032984408020976366,False
84416740,-0.017876406263544985,False
84416741,0.03662569309791919,False
84416742,-0.10928714553528984,True
84416743,-0.10677579167224868,True
84416744,-0.04813492999536996,False
84416745,0.03900554518460021,False
84416746,-0.054263925854616694,False
84416747,-0.05777775052848709,False
84416748,-0.009793264111599849,False
84416749,-0.05914414218944379,False
84416750,-0.09252477939479448,False
84416751,-0.02739702196740029,False
84416752,0.02689310221669913,False
84416753,-0.07742606921439324,False
84416754,,False
84423274,0.0638197635845545,False
84423275,-0.06299038035115376,False
84423276,-0.1326195680874129,True
84423277,-0.018362541422491836,False
84423278,-0.05764168004539103,False
84423279,0.028227830235251924,False
84423280,-0.11195766768742337,True
84423281,-0.008434120575565003,False
84423282,0.06305196987244154,False
84423283,0.06733612675500447,False
84423284,-0.093909505127458,False
84423285,-0.04323800540808771,False
84423286,0.059390153731712414,False
84423287,0.11315546890737949,False
84423288,0.01622059709160424,False
84423289,0.05057905430852679,False
84423290,0.09208056560637197,False
84423291,0.004502040475631413,False
84423292,-0.08516802539780899,False
84423293,-0.10398627968539312,True
84423294,-0.10095473361662077,True
84423295,-0.03582809742546252,False
84423296,-0.04433748594538521,False
84423297,,False
84423298,-0.07612312801960634,False
84423299,-0.012799475074757562,False
84423300,-0.0651785027311595,False
84423301,-0.07764989215719097,False
84423302,-0.039039804332158215,False
84423303,0.020484352487035635,False
84423304,0.03862178563403019,False
84423305,0.026918948021288407,False
84423306,0.01699301265423388,False
84423307,0.07597769903575864,False
84423308,-0.10311656797177923,True
84423309,-0.025198184856609466,False
84423310,0.03606542041288344,False
84423311,0.04448197734269728,False
84423312,0.10893781883397771,False
84423313,0.0717058874866833,False
84429841,0.006722962605647183,False
84429842,0.014812259421156444,False
84429843,-0.051601302863024084,False
84429844,-0.1321144900192438,True
84429845,-0.06822208759230663,False
84429846,0.008563389875783062,False
84429847,0.044614283705961134,False
84429848,-0.018968938929034274,False
84429849,0.05279544260345679,False
84429850,0.08295412007027725,False
84429851,-0.0002835161028548767,False
84429852,0.0004924765532496166,False
84429853,0.02677846613795419,False
84429854,0.016494676709420557,False
84429855,0.04572320696278819,False
84429856,0.07230437353462416,False
84429857,0.10202542066936247,False
84429858,-0.02209345469247972,False
84429859,-0.0973309889580869,False
84429860,-0.09364019522023972,False
84429861,-0.07901013115779135,False
84429862,-0.011723102180909177,False
84429863,-0.034924572673330115,False
84429864,-0.06791282823243674,False
84429865,-0.028449777280985654,False
84429866,-0.01303536129079802,False
84429867,-0.03631696633379235,False
84429868,-0.004305727513226484,False
84429869,-0.00011591023454280336,False
84429870,-0.02077333394144704,False
84429871,0.0011865400356066125,False
84429872,0.010561403780591906,False
84429873,0.006945866711438045,False
84429874,-0.028066401902856607,False
84429875,-0.13446697955502393,True
84429876,-0.04761156068760044,False
84429877,-0.0035963188444515593,False
84429878,-0.006011472497557865,False
84429879,0.10711337143419797,False
84436328,0.023503703167293357,False
84436329,0.003094891771565296,False
84436330,0.024108234293317075,False
84436331,-0.02555178517085708,False
84436332,-0.002403393075580761,False
84436333,0.008854535778316108,False
84436334,0.07166073962044053,False
84436335,-0.006790516093896666,False
84436336,0.05951045448654356,False
84436337,0.14922755703591506,False
84436338,0.031232757053725305,False
84436339,0.04278562031259504,False
84436340,0.029919967376534934,False
84436341,0.03349180527344832,False
84436342,0.09067354362015587,False
84436343,0.0849276155668112,False
84436344,0.08179198266622843,False
84436345,0.019613476239196986,False
84436346,0.04077033544255514,False
84436347,0.08735572421622789,False
84436348,0.01641550663928753,False
84436349,-0.004337688498797066,False
84436350,-0.011036735325990438,False
84436351,-0.01916357814026004,False
84436352,-0.01625434074058148,False
84436353,-0.013279767916975464,False
84436354,-0.021446525324624346,False
84436355,0.007520699625617829,False
84436356,-0.020992891560169452,False
84436357,-0.041225945946190445,False
84436358,0.008252027169214037,False
84436359,0.002614522464778491,False
84436360,-0.005579810456957876,False
84436361,0.009154940479202362,False
84436362,-0.04244957821208371,False
84436363,0.00468797440569956,False
84436364,-0.05600501153602538,False
84436365,-0.05345910710819583,False
84442737,-0.03759411031730463,False
84442738,0.06793313644044503,False
84442739,0.07874515451265497,False
84442740,-0.05348088748623525,False
84442741,-0.04615607459858806,False
84442742,-0.020553372430888013,False
84442743,0.012115344137895608,False
84442744,0.003202454992465251,False
84442745,0.008325333521422406,False
84442746,0.08832889043258738,False
84442747,0.0007176161472597291,False
84442748,0.04843356771245559,False
84442749,0.06339145177086783,False
84442750,0.06119245495840641,False
84442751,0.051064147693381336,False
84442752,0.08698737455009219,False
84442753,0.05868738255290215,False
84442754,-0.10818649230236582,True
84442755,-0.12274255337192333,True
84442756,0.017563422429513448,False
84442757,-0.015230509310367072,False
84442758,-0.012986149708088883,False
84442759,-0.030113982497247362,False
84442760,0.01212951172809229,False
84442761,0.01682786388507599,False
84442762,-0.01180085446008611,False
84442763,-0.04435697391534564,False
84442764,0.01089699679112978,False
84442765,-0.003914873034685332,False
84442766,-0.04753482366607504,False
84442767,-0.00586318031017866,False
84442768,0.0140995938209127,False
84442769,0.019164682880100033,False
84442770,0.03795385554537682,False
84442771,0.02353906805584156,False
84442772,0.002758899813964665,False
84442773,-0.13083259583415538,True
84442774,-0.09321907744096834,False
84449125,-0.05832567318424428,False
84449126,0.16883385537212434,False
84449127,0.01769031709272629,False
84449128,,False
84449129,-0.10658162970058566,True
84449130,-0.012671191558877606,False
84449131,0.014324138935136482,False
84449132,-0.016300380229949944,False
84449133,-0.07700673437123556,False
84449134,0.01273132272505722,False
84449135,0.06615447684933227,False
84449136,0.12043281945015635,False
84449137,0.09107988589025232,False
84449138,0.044253556379588714,False
84449139,0.07655877258948501,False
84449140,0.04664867366340014,False
84449141,0.03040937631558524,False
84449142,-0.08975071064517842,False
84449143,-0.10768093994282478,True
84449144,-0.07353786602566703,False
84449145,-0.025372456394131,False
84449146,-0.0225857389453107,False
84449147,0.0257930858884142,False
84449148,0.03498073555708201,False
84449149,-0.005348278959648199,False
84449150,-0.017409370773209497,False
84449151,-0.05544089089827661,False
84449152,0.009157600563620572,False
84449153,0.026130475933229456,False
84449154,-0.027779624514987812,False
84449155,0.006317733388954916,False
84449156,0.06706876338761283,False
84449157,-0.02766109013201649,False
84449158,-0.016098956874422286,False
84449159,-0.009383413898175172,False
84449160,0.005185747367444156,False
84449161,-0.08173824024848762,False
84449162,0.021352816674264412,False
84449163,-0.02851539811087169,False
84455536,-0.0915745189306453,False
84455537,0.17831732106666567,False
84455538,0.05102032873425721,False
84455539,,False
84455540,-0.14888010075487684,True
84455541,0.13245674299776197,False
84455542,0.00371683010172027,False
84455543,-0.005434577773371635,False
84455544,0.06575010802423933,False
84455545,0.06460023218041522,False
84455546,0.06933714915609855,False
84455547,0.06829192148114996,False
84455548,0.10402742333306166,False
84455549,-0.006021548594390854,False
84455550,0.04365030644803103,False
84455551,-0.044381435833688414,False
84455552,0.04435242995533846,False
84455553,-0.057152128600110326,False
84455554,-0.09688073033516104,False
84455555,0.018217380923021158,False
84455556,0.014218183099493948,False
84455557,0.00015951646996338153,False
84455558,0.030440348346029954,False
84455559,0.03163916651859687,False
84455560,0.05116921633968194,False
84455561,-0.03439715130843319,False
84455562,-0.041769498385360856,False
84455563,0.033903321063316824,False
84455564,0.05330132601845714,False
84455565,0.043138561899933446,False
84455566,0.031421911050710745,False
84455567,0.009593595385442837,False
84455568,-0.021609374978088167,False
84455569,-0.0278306603945428,False
84455570,0.04573435355342957,False
84455571,-0.023822691770546134,False
84455572,-0.07452682250935201,False
84455573,-0.04321999128978642,False
84455574,-0.012342004735298109,False
84455575,0.0035880174959359574,False
84455576,0.0003408468895691637,False
84461894,0.0030168330990313066,False
84461895,0.059598516949138536,False
84461896,0.03456376523987321,False
84461897,0.5312521318209128,False
84461898,-0.0894781056730777,False
84461899,-0.0019266710596537113,False
84461900,0.029840935051449254,False
84461901,0.036780354709674924,False
84461902,0.029258457047323744,False
84461903,0.04592586424004425,False
84461904,0.08262290693739228,False
84461905,0.015080054056306743,False
84461906,-0.05262235062200143,False
84461907,-0.1697844564184691,True
84461908,0.047149161080306326,False
84461909,-0.004593212722432504,False
84461910,-0.011054539251568886,False
84461911,-0.0740700965385446,False
84461912,-0.08078641959693694,False
84461913,-0.0020240702241302137,False
84461914,0.008415815659772863,False
84461915,0.011546747236207026,False
84461916,0.04062752571030786,False
84461917,0.022160575205260134,False
84461918,0.03708269613325908,False
84461919,-0.000740324074347118,False
84461920,0.030688137847521602,False
84461921,0.06172692145182575,False
84461922,0.029185753335871704,False
84461923,0.0338972372238934,False
84461924,0.03285502448814658,False
84461925,0.027839836959797973,False
84461926,0.033470827128447476,False
84461927,-0.04634879169537558,False
84461928,-0.005336823823206547,False
84461929,-0.042672735664814006,False
84461930,-0.028799517515399352,False
84461931,-0.0016155285664353725,False
84461932,-0.05245445469744413,False
84461933,0.0061378080357350415,False
84461934,0.07322739825874798,False
84468247,0.04259098723929632,False
84468248,-0.008662194537951499,False
84468249,-0.09108295811118092,False
84468250,-0.0025428703625199837,False
84468251,0.025868357543699566,False
84468252,0.0237244688045258,False
84468253,0.04170302235890201,False
84468254,0.04044104528840128,False
84468255,0.013184202187325526,False
84468256,0.09321455581144952,False
84468257,0.08615517372941775,False
84468258,0.11070276733528624,False
84468259,-0.05961545823903191,False
84468260,0.027856825387547263,False
84468261,0.07140670456772141,False
84468262,0.0822174873596508,False
84468263,-0.02075378723681304,False
84468264,0.0043455301222306494,False
84468265,-0.03905385544419038,False
84468266,-0.03989243716783865,False
84468267,-0.028432990870444708,False
84468268,0.01923726098617575,False
84468269,0.04630439237200112,False
84468270,0.019756900580907445,False
84468271,0.010469179151444147,False
84468272,-0.04996874650337807,False
84468273,-0.019192763750736547,False
84468274,0.013113925844292568,False
84468275,-0.011032858373509043,False
84468276,-0.008865745495575611,False
84468277,0.04816709887349706,False
84468278,0.052339385670455124,False
84468279,0.03190237125253097,False
84468280,0.011926764806221265,False
84468281,-0.03343313001544369,False
84468282,-0.014326168980198228,False
84468283,0.02261804918553889,False
84468284,0.04552405966629692,False
84468285,0.05131429771445788,False
84468286,0.036711133615670966,False
84468287,-0.013754605500234565,False
84474621,0.044779893197527544,False
84474622,-0.01687391801964343,False
84474623,0.023871176248721142,False
84474624,0.004119177411096353,False
84474625,0.012658569866933037,False
84474626,0.016867297994412805,False
84474627,0.025986157879261493,False
84474628,0.12125109232879122,False
84474629,0.09103947570635335,False
84474630,0.13582028757880793,False
84474631,-0.03992845212595992,False
84474632,0.005396854786664264,False
84474633,0.049456018357326395,False
84474634,0.0434078510982893,False
84474635,-0.04486577621960064,False
84474636,-0.040501957853494266,False
84474637,0.057321049095728646,False
84474638,-0.022069519396356235,False
84474639,0.01484715869013525,False
84474640,-0.005127200139300252,False
84474641,0.024465127750499725,False
84474642,0.025224115389247362,False
84474643,0.07064068405219762,False
84474644,0.041152714055189915,False
84474645,-0.142120765595627,True
84474646,-0.11836993130811561,True
84474647,-0.00052583994573072,False
84474648,-0.031476222948198296,False
84474649,-0.032657789694713474,False
84474650,0.02455058929157395,False
84474651,0.026070214384755555,False
84474652,0.02278673070172331,False
84474653,0.028177880680621267,False
84474654,-0.009858421182775069,False
84474655,-0.0476416023384013,False
84474656,0.005579180275030418,False
84474657,-0.01939999025048912,False
84474658,-0.048635541337780884,False
84474659,-0.06526373789466675,False
84474660,-0.0076912955925850495,False
84481016,0.08716849689920388,False
84481017,0.026382505805017883,False
84481018,-0.0038797055408803915,False
84481019,-0.10828797668992293,True
84481020,-0.08445706227671887,False
84481021,-0.0017626865961753394,False
84481022,0.012878223890462316,False
84481023,0.11502347173835979,False
84481024,0.1195047667008434,False
84481025,0.07005438181227863,False
84481026,0.12693976369649365,False
84481027,-0.029179187476984832,False
84481028,-0.12479861113461338,True
84481029,0.02284227403152654,False
84481030,0.07004791942679467,False
84481031,-0.01246792425655879,False
84481032,-0.04232408675273217,False
84481033,-0.038512556803948154,False
84481034,0.0789340997935621,False
84481035,0.11238990166554377,False
84481036,0.07898217085962013,False
84481037,0.02970967809727949,False
84481038,-0.04127905970561832,False
84481039,-0.061528079650682105,False
84481040,-0.06814930051751246,False
84481041,-0.07836328124277553,False
84481042,-0.03674408943186958,False
84481043,0.028642681466150628,False
84481044,-0.0054933774754187875,False
84481045,-0.0031065645639176166,False
84481046,0.007489353630755882,False
84481047,0.017398504075103963,False
84481048,0.02944895362777568,False
84481049,0.043020898146022835,False
84481050,-0.04107073492317712,False
84481051,-0.06990189931992134,False
84481052,-0.05204887091314901,False
84481053,-0.04950986699017432,False
84481054,-0.025819261850555063,False
84481055,-0.07089657439944735,False
84481056,-0.0209088135755645,False
84487404,0.025954526619751284,False
84487405,0.09833180066624327,False
84487406,0.013461876025809151,False
84487407,-0.08024188731140373,False
84487408,-0.124931961124671,True
84487409,-0.008940223020958434,False
84487410,0.09077932355323168,False
84487411,0.07982022565009074,False
84487412,0.185446461146968,False
84487413,0.025287632571312342,False
84487414,-0.07811831261540217,False
84487415,-0.010178811109649973,False
84487416,-0.11224624776471763,True
84487417,-0.12221633507342408,True
84487418,0.06323704074415566,False
84487419,0.11249138246053388,False
84487420,-0.014005997711792473,False
84487421,0.046313526247093964,False
84487422,0.07422155531793398,False
84487423,0.09748309913658534,False
84487424,0.04580538146411529,False
84487425,-0.03584356700243419,False
84487426,-0.12492421096651016,True
84487427,-0.10352137874895526,True
84487428,-0.05230410934928311,False
84487429,0.022148992938125563,False
84487430,0.02448257721061146,False
84487431,-0.014779888648384597,False
84487432,-0.015739515096252932,False
84487433,0.01801332570789222,False
84487434,0.01615949157365472,False
84487435,0.0002623316809257641,False
84487436,0.0025751407619489727,False
84487437,-0.06449739567750258,False
84487438,-0.04985435711974515,False
84487439,-0.07622359672604218,False
84487440,-0.04839081985826115,False
84487441,-0.02840880812717614,False
84487442,-0.004804397575147473,False
84487443,-0.03304542551468858,False
84487444,-0.027391232054216202,False
84493803,-0.010316069240476875,False
84493804,0.02289779195209348,False
84493805,-0.0308876823707697,False
84493806,-0.023158721917504326,False
84493807,0.021540374299564236,False
84493808,0.1159396059894081,False
84493809,0.06399025326892761,False
84493810,0.05849865455624374,False
84493811,0.09926533182832409,False
84493812,0.0688528769989229,False
84493813,-0.04448525320988517,False
84493814,-0.033045102683532064,False
84493815,-0.05900848311891614,False
84493816,0.02735219157669417,False
84493817,0.01659990115210966,False
84493818,0.019322889078842692,False
84493819,0.09049767523876377,False
84493820,0.070070271653331,False
84493821,0.04695836769420837,False
84493822,-0.062194889085258796,False
84493823,-0.05454129846254244,False
84493824,-0.10543519922835223,True
84493825,-0.10376624068307701,True
84493826,-0.02936376887480742,False
84493827,-0.001410439869828274,False
84493828,0.0075216075132390516,False
84493829,-0.015754069085843963,False
84493830,-0.00803097177686543,False
84493831,-0.009126208390745936,False
84493832,0.005938534099528052,False
84493833,0.015670160966677893,False
84493834,-0.018860587604802255,False
84493835,-0.06502142100660589,False
84493836,-0.06964008015140741,False
84493837,-0.1095503206607668,True
84493838,-0.07154566362045564,False
84493839,-0.007725474574800963,False
84493840,0.021456302301936764,False
84493841,-0.023906161400583967,False
84493842,-0.02299621411156262,False
84493843,-0.004132918761298553,False
84500216,-0.06729330195559757,False
84500217,-0.013370886757065447,False
84500218,0.008140411923592907,False
84500219,-0.025626710857705678,False
84500220,0.09669332462876311,False
84500221,0.09104634860635105,False
84500222,0.06260043861225932,False
84500223,0.050831850140579046,False
84500224,-0.0002091312296363156,False
84500225,-0.09290430996294774,False
84500226,0.1980115015390487,False
84500227,0.03294873176674503,False
84500228,-0.009585962943627084,False
84500229,-0.03916480378387256,False
84500230,-0.009280150352731909,False
84500231,0.004560682088264389,False
84500232,-0.09381316662894879,False
84500233,-0.11306866752518355,True
84500234,-0.09738561636366448,False
84500235,-0.07450040446490976,False
84500236,-0.012112415572275829,False
84500237,0.000940942645946605,False
84500238,-0.022583188787153655,False
84500239,-0.03977039510307085,False
84500240,0.021591096347406517,False
84500241,0.023294559776581156,False
84500242,-0.018449955894316965,False
84500243,0.0067060680124043604,False
84500244,-0.009732182215777093,False
84500245,0.05860355020976037,False
84500246,-0.02130543488909256,False
84500247,-0.09470325894393168,False
84500248,-0.13480005324987232,True
84500249,-0.028180016938299465,False
84500250,0.0018438992058348938,False
84500251,0.005739957577206935,False
84500252,-0.03226559901145141,False
84500253,-0.0015220040228284722,False
84500254,0.09332361863381472,False
84506639,-0.058810325175985875,False
84506640,0.08074380561267519,False
84506641,-0.12802829312973768,True
84506642,0.004257458968244947,False
84506643,0.08460989147074198,False
84506644,0.06207005553938299,False
84506645,0.11635758789832992,False
84506646,0.0509633428794173,False
84506647,0.06327542814622766,False
84506648,-0.22027493936275158,True
84506649,0.16769243196692427,False
84506650,0.021655002623794613,False
84506651,0.0031945278114183027,False
84506652,-0.005131832239501844,False
84506653,-0.0005184598507487707,False
84506654,-0.021092313579250305,False
84506655,-0.040236869055272975,False
84506656,-0.04292638753178591,False
84506657,-0.01836392605105177,False
84506658,0.025515238211695084,False
84506659,0.0341814396194589,False
84506660,0.03976222822571731,False
84506661,-0.006576222490656765,False
84506662,-0.008015045190148732,False
84506663,0.016961330665378187,False
84506664,-0.004406867256183421,False
84506665,-0.051499003985836976,False
84506666,0.005553361764476045,False
84506667,-0.017562839890632207,False
84506668,0.12086766670909417,False
84506669,-0.056977219826874925,False
84506670,-0.1603054553326783,True
84506671,-0.12465417969911079,True
84506672,-0.00822170961550127,False
84506673,-0.02082968314132383,False
84506674,-0.0280341133039772,False
84506675,-0.02665013000545211,False
84506676,-0.056903509508551525,False
84506677,-0.11675064440711101,True
84513054,0.07893554963289287,False
84513055,0.0858070882434614,False
84513056,-0.14814179649230536,True
84513057,0.017964072426331502,False
84513058,0.08384845019165675,False
84513059,0.049504062823336956,False
84513060,0.09515194177170626,False
84513061,0.09049334579492269,False
84513062,0.08569376415463648,False
84513063,-0.09349053970225031,False
84513064,0.06331040050485681,False
84513065,-0.043581067154562496,False
84513066,0.00984513609619455,False
84513067,0.008443992262016963,False
84513068,-0.00036755264380395974,False
84513069,-0.034516387582778134,False
84513070,0.017801430490546527,False
84513071,0.03716484092790434,False
84513072,0.037698585208180736,False
84513073,0.02277568818241567,False
84513074,0.012969715115394022,False
84513075,0.03117170827064036,False
84513076,0.0030216609466577294,False
84513077,0.01591739669752276,False
84513078,-0.0014528967837676467,False
84513079,-0.006802148537394926,False
84513080,-0.013816361306435265,False
84513081,0.011901845058164084,False
84513082,-0.0006941502011045377,False
84513083,0.09600710031268923,False
84513084,-0.05394391050343907,False
84513085,-0.10042861361924263,True
84513086,-0.035848555784528814,False
84513087,-0.020872663438802865,False
84513088,-0.026133724095920376,False
84513089,-0.037177018001212266,False
84513090,-0.0923484377067442,False
84513091,-0.026969127541204358,False
84513092,0.017774532973510157,False
84519512,0.018388429546228543,False
84519513,0.056663581947886496,False
84519514,-0.136365588897406,True
84519515,-0.031006962887672837,False
84519516,-0.0293084171069619,False
84519517,0.060375011780899025,False
84519518,0.0321711719351714,False
84519519,0.039646509555549096,False
84519520,0.033647526661354676,False
84519521,-0.0017837724126820876,False
84519522,0.02745574095864417,False
84519523,-0.16047027696428295,True
84519524,-0.020448034473943055,False
84519525,0.0015197543022464873,False
84519526,-0.051889677701056125,False
84519527,-0.052249572640185024,False
84519528,-0.07534684965000214,False
84519529,-0.021207335305089003,False
84519530,0.04733295494007383,False
84519531,0.008648380199931041,False
84519532,-0.02715650751647218,False
84519533,-0.030989576547404918,False
84519534,-0.006013706497992912,False
84519535,0.009923672801132773,False
84519536,0.06544512161689257,False
84519537,-0.015318412826723056,False
84519538,0.018601585389466862,False
84519539,0.023950362507163044,False
84519540,0.034461592239679914,False
84519541,-0.025493283697754745,False
84519542,0.06275668957117654,False
84519543,-0.0379328369811189,False
84519544,-0.12919556899567208,True
84519545,-0.07183302323868979,False
84519546,-0.03477379724360519,False
84519547,-0.034391910907155605,False
84519548,0.07110516085164038,False
84519549,0.03833850433176167,False
84519550,-0.15889841236672217,True
84519551,-0.09367597651725217,False
84525988,-0.03051944186511566,False
84525989,0.01692402111550613,False
84525990,-0.14715585565369269,True
84525991,-0.1725216234575479,True
84525992,0.04289824505803744,False
84525993,0.06862206478624693,False
84525994,-0.01665956541656714,False
84525995,5.1246841962091644e-05,False
84525996,-0.04373765966074097,False
84525997,-0.11736509802952713,True
84525998,0.0034008080350245128,False
84525999,0.1896679755349007,False
84526000,0.16882755808442154,False
84526001,0.14258789793276389,False
84526002,-0.0010146802102676791,False
84526003,-0.04507223753872745,False
84526004,-0.043331945284598945,False
84526005,-0.05233789956540464,False
84526006,-0.018027777374295836,False
84526007,0.04300914933168039,False
84526008,0.012509275092664848,False
84526009,-0.06482646569347811,False
84526010,-0.07826873044106553,False
84526011,-0.0003016215049139574,False
84526012,0.008767154358409326,False
84526013,0.007332836465112602,False
84526014,-0.02174436537327555,False
84526015,0.004136031566535507,False
84526016,0.0377344175355381,False
84526017,0.026072777433966556,False
84526018,-0.03332704639791849,False
84526019,-0.03619235453441344,False
84526020,-0.01944873653022378,False
84526021,,False
84526022,-0.12088838872967128,True
84526023,-0.03386308126966782,False
84526024,0.018963342624785266,False
84526025,-0.09832174515857446,False
84526026,-0.13816280978815185,True
84526027,-0.15633736191296896,True
84526028,-0.08371917267941811,False
84532475,-0.009672548303891628,False
84532476,0.012041285734715163,False
84532477,-0.06392547433793153,False
84532478,-0.18113499177102574,True
84532479,-0.04082094986803634,False
84532480,0.023810148380865676,False
84532481,-0.018758450807481137,False
84532482,-0.011255851413429364,False
84532483,-0.1234932949943505,True
84532484,-0.03604169800007783,False
84532485,0.01625278313423405,False
84532486,-0.015808659983367203,False
84532487,-0.050088493674666765,False
84532488,0.012269552135233086,False
84532489,-0.06239494713841077,False
84532490,-0.0706879964102041,False
84532491,-0.032669261323183554,False
84532492,-0.012984740480340881,False
84532493,-0.005524051893658919,False
84532494,0.011734842418414708,False
84532495,-0.028027890392396195,False
84532496,-0.07881726742991954,False
84532497,-0.03164881768957084,False
84532498,-0.04387902037972,False
84532499,-0.06485715566454499,False
84532500,-0.06612633340322932,False
84532501,-0.03873281256406533,False
84532502,0.0004513083345345503,False
84532503,0.011650425269479072,False
84532504,-0.01643588966144005,False
84532505,-0.01207212346869307,False
84532506,-0.002138147869742227,False
84532507,-0.03045206702654847,False
84532508,-0.09627636320474034,False
84532509,-0.06636461363321666,False
84532510,-0.0318650615946018,False
84532511,0.0275526070305175,False
84532512,-0.09731264250599878,False
84532513,-0.16262205851120398,True
84532514,-0.18315282700423013,True
84532515,-0.12089201668957186,True
84538973,0.008821488386169881,False
84538974,0.0665751451086091,False
84538975,0.032533239911510754,False
84538976,0.011700805014035861,False
84538977,-0.09822824515420954,False
84538978,0.1312428170133886,False
84538979,0.0490973649504824,False
84538980,-0.011544324886485376,False
84538981,-0.10967814867309016,True
84538982,-0.03856507556937961,False
84538983,0.0033695184119638837,False
84538984,0.021316319662032047,False
84538985,0.04540649707585555,False
84538986,0.031869508810873005,False
84538987,-0.0781803091457444,False
84538988,-0.06966617236541127,False
84538989,-0.03038833089093955,False
84538990,-0.02000205597807803,False
84538991,0.001898614882553374,False
84538992,0.05879993080939147,False
84538993,0.04822715465328723,False
84538994,-0.02982606904484607,False
84538995,-0.021040416314852716,False
84538996,-0.0652991840427711,False
84538997,-0.06745290331824812,False
84538998,-0.03609591846676651,False
84538999,-0.06399682465184077,False
84539000,-0.034672310950337466,False
84539001,-0.006486797934904941,False
84539002,-0.03586734445174523,False
84539003,-0.023369445818416993,False
84539004,-0.03902494136034081,False
84539005,-0.009325426583097094,False
84539006,-0.024083108282474147,False
84539007,-0.01479418927298401,False
84539008,0.05384671813455962,False
84539009,0.09841153421661367,False
84539010,-0.1364600514795381,True
84539011,-0.14443012077729683,True
84539012,-0.15302946880762205,True
84539013,-0.1569332452998525,True
84545589,0.03382304432103373,False
84545590,-0.03030442888747744,False
84545591,-0.05770859868466282,False
84545592,-0.02874817082040939,False
84545593,0.05798763756604079,False
84545594,0.07336999624790282,False
84545595,0.010486741995280614,False
84545596,-0.08199510385537721,False
84545597,-0.06497497372495498,False
84545598,-0.03426413121538834,False
84545599,-0.009457892378093911,False
84545600,0.09647844447609899,False
84545601,0.021601992296879476,False
84545602,-0.03984658886494351,False
84545603,-0.013226768687042978,False
84545604,-0.038272336565928156,False
84545605,-0.011659181348523501,False
84545606,0.006577239785864458,False
84545607,0.04581270181481258,False
84545608,0.07097112169749027,False
84545609,0.019207052985407615,False
84545610,-0.056322442350139036,False
84545611,-0.03754288926909706,False
84545612,-0.06069494527274839,False
84545613,-0.038252336580629445,False
84545614,0.0469505383792522,False
84545615,-0.02264098695843777,False
84545616,-0.12656491336729928,True
84545617,-0.09635365839682866,False
84545618,-0.008309052155292523,False
84545619,-0.06063710093971485,False
84545620,-0.10166295308374439,True
84545621,-0.01026142534749919,False
84545622,-0.019040365541330997,False
84545623,0.0694840450044692,False
84545624,0.14295626777233017,False
84545625,0.027693230897182862,False
84545626,-0.057698763542164605,False
84545627,-0.05438411893549583,False
84545628,-0.10556603020376018,True
84545629,0.5307360669119378,False
84552258,0.061767817307291445,False
84552259,-0.07628204616949774,False
84552260,-0.04540212808771142,False
84552261,0.01444937970726985,False
84552262,-0.042029734698400385,False
84552263,0.051034590709244126,False
84552264,0.06866436616163091,False
84552265,-0.038719496423795956,False
84552266,-0.064564381879565,False
84552267,-0.004662773676956678,False
84552268,-0.005203681288962374,False
84552269,0.049903596746138305,False
84552270,-0.01825995290311688,False
84552271,-0.003873234041204209,False
84552272,0.0440825906813161,False
84552273,-0.06029563334641368,False
84552274,-0.08840096249280927,False
84552275,-0.02478223563379027,False
84552276,0.004551123681923871,False
84552277,0.018986161220345892,False
84552278,-0.00892129085601383,False
84552279,-0.06220448852455002,False
84552280,-0.03052023709975415,False
84552281,-0.02942261868151118,False
84552282,-0.0342893224553884,False
84552283,0.03335992495665005,False
84552284,-0.011676182349362903,False
84552285,-0.11149854670275225,True
84552286,-0.08280383598107785,False
84552287,-0.020705029368018997,False
84552288,-0.03417695826557194,False
84552289,-0.07578155974528832,False
84552290,-0.06885704420696209,False
84552291,-0.05282430920900664,False
84552292,-0.0410532996185497,False
84552293,-0.041673598967001936,False
84552294,-0.10141090802190826,True
84552295,-0.05551465042086145,False
84552296,0.07344358535672073,False
84552297,-0.0490783773792872,False
84552298,-0.11187808719964101,True
84558923,0.06667871668595528,False
84558924,-0.011967184219791663,False
84558925,-0.03450226092430435,False
84558926,0.03361795205584979,False
84558927,0.09355579759049523,False
84558928,0.06481462398974679,False
84558929,0.044530550662983864,False
84558930,-0.046735570431986596,False
84558931,-0.1158422323501756,True
84558932,0.003961171142557403,False
84558933,0.01564844210982828,False
84558934,0.0408627084935368,False
84558935,0.05882232606901701,False
84558936,0.06446194253603178,False
84558937,-0.026311756568548682,False
84558938,-0.055306273604783435,False
84558939,-0.02993862281766173,False
84558940,0.02773177834070553,False
84558941,0.04793523443842164,False
84558942,0.031228099845309297,False
84558943,0.019200276991132356,False
84558944,0.0019443981674460552,False
84558945,0.016465328190648353,False
84558946,0.002571517799835976,False
84558947,0.0022297760979510172,False
84558948,0.02730394492614591,False
84558949,0.01740098820964037,False
84558950,-0.11190852028446831,True
84558951,-0.1491159759462106,True
84558952,-0.06957235773408448,False
84558953,0.01598319632495357,False
84558954,-0.04421529912218485,False
84558955,-0.0717114014091597,False
84558956,-0.08610962588965869,False
84558957,-0.09781023719999485,False
84558958,-0.10437495656024685,True
84558959,-0.05664857400225805,False
84558960,-0.0428667275398612,False
84558961,-0.024075642240214273,False
84558962,-0.06872761632677189,False
84558963,-0.0325468982313842,False
84565605,0.0033269319011716494,False
84565606,-0.009902988252368792,False
84565607,-0.04846825549791479,False
84565608,0.06050012122376261,False
84565609,0.03329312229027792,False
84565610,0.07482007485523824,False
84565611,0.01344654047733181,False
84565612,0.005406733918172494,False
84565613,-0.10662338312992461,True
84565614,-0.029164384408858365,False
84565615,0.02149926911151723,False
84565616,0.032512827440438534,False
84565617,0.06372361443386987,False
84565618,0.03448524612580662,False
84565619,-0.011112190865284496,False
84565620,-0.018219249229684462,False
84565621,0.005787129800050208,False
84565622,-0.0014551364386921322,False
84565623,-0.000294630080708483,False
84565624,0.005324452010686667,False
84565625,0.012677645096150837,False
84565626,-0.0020179894022891547,False
84565627,-0.010878460288575111,False
84565628,-0.010329489929305897,False
84565629,0.029743609452170926,False
84565630,0.024406976330075828,False
84565631,0.0015947595616119512,False
84565632,-0.1506060683004301,True
84565633,-0.19093752300848577,True
84565634,-0.12742227352094956,True
84565635,-0.03689162190671256,False
84565636,-0.03628108256045381,False
84565637,-0.06916025818271174,False
84565638,-0.1031618749394136,True
84565639,-0.14145031054562812,True
84565640,-0.10850522235371884,True
84565641,-0.04574547104690054,False
84565642,-0.043146906596624485,False
84565643,-0.04650560197467048,False
84565644,-0.020665613747475144,False
84565645,0.01701089205975992,False
84572334,-0.04950650084406517,False
84572335,0.022793642490653007,False
84572336,0.055255976230872056,False
84572337,-0.053802506266156166,False
84572338,0.002501933376466617,False
84572339,0.060397151982597035,False
84572340,-0.026678413743696165,False
84572341,-0.023922151538245885,False
84572342,0.021870410578091096,False
84572343,-0.10428535877574191,True
84572344,-0.014101412728913118,False
84572345,0.045235464600717284,False
84572346,0.01576673910086078,False
84572347,-0.001350178611432298,False
84572348,-0.01369055378584695,False
84572349,0.0084265613574751,False
84572350,0.010857267045360108,False
84572351,-0.01033220053644629,False
84572352,-0.06647818475417629,False
84572353,-0.015092398866406492,False
84572354,0.018039224105185426,False
84572355,-0.011996398540605038,False
84572356,-0.023324820663341673,False
84572357,-0.004229779218664803,False
84572358,0.0005070727086361755,False
84572359,-0.04197975210631293,False
84572360,-0.05037063843642641,False
84572361,-0.04631012897218494,False
84572362,-0.03730021687856385,False
84572363,-0.007384152721102557,False
84572364,-0.03976004055644812,False
84572365,-0.07544401045794379,False
84572366,-0.04037737197271446,False
84572367,-0.10841784083176721,True
84572368,-0.08801096263352486,False
84572369,-0.04307691348964948,False
84572370,-0.035582892425367774,False
84572371,-0.044360737139938954,False
84572372,-0.01412694524742538,False
84572373,0.014125497253582565,False
84572374,0.007502463159866011,False
84579054,-0.19663249228164353,True
84579055,0.011302716262142864,False
84579056,0.02331631742034208,False
84579057,-0.02202054798828854,False
84579058,0.060231208983035106,False
84579059,0.11984403773084282,False
84579060,0.025760329891794206,False
84579061,0.005874127903628639,False
84579062,-0.006443601105375854,False
84579063,0.0039816087392422995,False
84579064,0.004327084793841616,False
84579065,0.027962072304715993,False
84579066,0.006728504636107907,False
84579067,-0.01845082824789073,False
84579068,-0.011316589078072625,False
84579069,0.01948099924413505,False
84579070,0.034648313004555786,False
84579071,0.024197799072733596,False
84579072,-0.10237187305522384,True
84579073,-0.04071324301790816,False
84579074,0.029035522339105477,False
84579075,0.009385813817532238,False
84579076,-0.037187252550779426,False
84579077,-0.0050765899728878894,False
84579078,-0.016218021059874434,False
84579079,-0.05355089309762813,False
84579080,-0.054339055667445076,False
84579081,-0.041208638066594194,False
84579082,-0.05420150448023983,False
84579083,-0.03707614324794288,False
84579084,0.06107843604284875,False
84579085,-0.16148196963528114,True
84579086,-0.07453474652492116,False
84579087,-0.06624836391397819,False
84579088,-0.09618145110046061,False
84579089,-0.058721588946696615,False
84579090,-0.06392849179649869,False
84579091,-0.08793211311909044,False
84579092,-0.028202946189577638,False
84579093,0.0030417060115620286,False
84579094,-0.01752563848523074,False
84585798,-0.0831119820623276,False
84585799,0.01395905880036337,False
84585800,0.00554684162794297,False
84585801,0.07969939124024077,False
84585802,-0.06101267196069556,False
84585803,-0.041237972796660936,False
84585804,0.039744660644354377,False
84585805,0.017544751714834914,False
84585806,0.030239588345081454,False
84585807,-0.015529848639812702,False
84585808,0.008897877363359136,False
84585809,0.02921699150157101,False
84585810,0.044910483458454255,False
84585811,0.007369659036736835,False
84585812,-0.04345562072299469,False
84585813,-0.017796363798230592,False
84585814,0.030382688532844884,False
84585815,-0.0020932499574420134,False
84585816,-0.061451406483487694,False
84585817,-0.004592671256428406,False
84585818,-0.008148912657115436,False
84585819,-0.030756517408329968,False
84585820,-0.07307003526126635,False
84585821,-0.07930020456665401,False
84585822,-0.03317964073521819,False
84585823,-0.013797528441214566,False
84585824,0.05791163108697572,False
84585825,-0.23246462140085716,True
84585826,-0.06316795904754258,False
84585827,-0.013137301783587178,False
84585828,-0.06863657344778434,False
84585829,-0.02900524443794738,False
84585830,-0.0703236873541654,False
84585831,-0.04170158125733945,False
84585832,-0.05083887437949852,False
84585833,-0.07578955854156046,False
84585834,-0.04735345719532863,False
84592556,-0.018707846961662472,False
84592557,0.09992506597420589,False
84592558,-0.01292808875131452,False
84592559,-0.1578222061491703,True
84592560,-0.018361188483232788,False
84592561,-0.0218995671406868,False
84592562,-0.02229863680083604,False
84592563,0.03590605178925971,False
84592564,-0.016690563542142465,False
84592565,-0.020496884066334042,False
84592566,0.030578129423198583,False
84592567,0.013233187958303229,False
84592568,-0.023092574951589742,False
84592569,0.016154877067368775,False
84592570,0.03388412636427448,False
84592571,0.030266881271702403,False
84592572,-0.003130837328588718,False
84592573,-0.014126899816583062,False
84592574,0.06883157544816043,False
84592575,-0.022356482188304196,False
84592576,-0.09100637485890367,False
84592577,-0.09241608124592009,False
84592578,-0.046184775470255075,False
84592579,-0.003919877779330349,False
84592580,0.060110231641141654,False
84592581,-0.024094832761184265,False
84592582,0.5169392828315313,False
84592583,-0.08809102240093816,False
84592584,-0.03705469675206113,False
84592585,-0.015513032487654073,False
84592586,-0.0048579881190053895,False
84592587,0.008507555810873714,False
84592588,0.06039868366074214,False
84592589,-0.08145192008194316,False
84592590,-0.08591580553471898,False
84592591,-0.06395963860134754,False
84599345,-0.060782299997988926,False
84599346,0.04908397100020468,False
84599347,-0.07217067845676721,False
84599348,-0.044010723791594826,False
84599349,-0.022849847359571702,False
84599350,-0.009880042134484202,False
84599351,-0.011376004562148847,False
84599352,0.01608007017790819,False
84599353,0.027891943841450113,False
84599354,0.014753751902331583,False
84599355,-0.05683167151779843,False
84599356,-0.03799610663219692,False
84599357,-0.012969505613168132,False
84599358,0.011562319614175478,False
84599359,0.061534608647541816,False
84599360,0.060719879751809515,False
84599361,-0.03446451360520234,False
84599362,-0.031191684034872765,False
84599363,0.0689676054525498,False
84599364,0.05472464630331744,False
84599365,-0.036915939089286885,False
84599366,-0.06917805603698218,False
84599367,-0.12111033506345766,True
84599368,-0.06072688984286937,False
84599369,0.0018979944845805348,False
84599370,-0.03572548826959014,False
84599371,-0.08092018411973305,False
84599372,-0.12483895215204643,True
84599373,-0.1434428632430034,True
84599374,-0.051622697709211726,False
84599375,-0.01120947580349344,False
84599376,-0.08983396877699032,False
84599377,-0.004743469296002302,False
84599378,-0.02721968546422491,False
84599379,-0.07536491464218789,False
84599380,-0.09730395870573917,False
84599381,-0.013181668696849173,False
84606227,-0.04924461247261058,False
84606228,-0.03121090104310462,False
84606229,-0.07877006312014088,False
84606230,-0.003311862199552832,False
84606231,0.044067136069898295,False
84606232,0.03788865831754204,False
84606233,0.09839291492986078,False
84606234,-0.030668782634377063,False
84606235,-0.049406314815709326,False
84606236,0.01223008292501678,False
84606237,0.030761257018329678,False
84606238,-0.02474777935281316,False
84606239,-0.06300757175198278,False
84606240,-0.044549470894120376,False
84606241,0.022454189330268826,False
84606242,0.06203102021567433,False
84606243,0.0041527301942101014,False
84606244,-0.10129303751240341,True
84606245,0.04479008462353352,False
84606246,0.08371306749921735,False
84606247,-0.019964209311572875,False
84606248,-0.08686623198946164,False
84606249,-0.07699721757977998,False
84606250,-0.10352433203636284,True
84606251,-0.08296319800860992,False
84606252,-0.041991774720759094,False
84606253,-0.050221193676027134,False
84606254,-0.03248068813104351,False
84606255,-0.046822118472488,False
84606256,-0.04998376582048688,False
84606257,-0.040685643398614725,False
84606258,-0.022291956638149285,False
84606259,-0.06832771583468238,False
84606260,-0.005021607134699262,False
84606261,-0.05599014619515957,False
84606262,-0.06594467233309895,False
84606263,-0.03947250126464316,False
84606264,-0.010961147746855065,False
84613154,0.03961646720126349,False
84613155,-0.043022449103595053,False
84613156,-0.038046906294254584,False
84613157,-0.0028211620170978686,False
84613158,0.012311337822331965,False
84613159,0.05295027851792971,False
84613160,0.12949187783167257,False
84613161,-0.036379447267670215,False
84613162,-0.057566690124194436,False
84613163,-0.018150338548733668,False
84613164,0.007039798441740913,False
84613165,0.06935555775728282,False
84613166,0.02635624127097861,False
84613167,-0.09454268512633242,False
84613168,-0.05661783448583689,False
84613169,-0.028663506823301304,False
84613170,-0.027487923714179796,False
84613171,-0.07479157651905856,False
84613172,0.085967442411297,False
84613173,0.030509263056124836,False
84613174,-0.046384474809990126,False
84613175,0.017868138043197968,False
84613176,-0.10274148040343718,True
84613177,-0.11666134146725594,True
84613178,-0.08888767233007543,False
84613179,-0.030384575507337225,False
84613180,-0.03965223793720184,False
84613181,-0.05136027385235382,False
84613182,-0.0137119883255625,False
84613183,-0.01837157913205197,False
84613184,-0.004374006218331935,False
84613185,-0.03084911626455209,False
84613186,-0.022073555325354325,False
84613187,-0.04525668698682878,False
84613188,-0.08778878032998284,False
84613189,-0.052992877423579755,False
84613190,-0.04961897983352754,False
84613191,-0.06576641141342174,False
