case,pixel,rmse,correlation
fire_1,84890574,0.06161688282808113,0.9518433762612274
fire_1,84890575,0.0867210002123866,0.8420150902589233
fire_1,84897411,0.058219445047584084,0.9314989966055939
fire_1,84897412,0.07346223610763569,0.9388545923729975
fire_1,84897413,0.08340761654548663,0.9326020530803992
fire_1,84897414,0.07707213609904326,0.9069290545216353
fire_1,84897415,0.06890640239605364,0.9247330379747902
fire_1,84897416,0.07826231576879694,0.9266648946396429
fire_1,84897417,0.08225960969091094,0.9211047376810632
fire_1,84904327,0.06510752053071096,0.9247637847131303
fire_1,84904328,0.07054538091555089,0.9433284617327781
fire_1,84904329,0.07766415326635293,0.9286052546319646
fire_2,84904331,0.09372412465800076,0.8890800692639985
fire_2,84904332,0.08619741260456538,0.9283149885165161
fire_2,84904333,0.08841492536141529,0.9372402928520901
fire_2,84911242,0.08331615858865549,0.93169344401416
fire_2,84911243,0.08558787219290183,0.9209106266436127
fire_2,84911244,0.10512214328057946,0.8440313782403189
fire_2,84911245,0.11388847149891393,0.8352428568289435
fire_2,84911246,0.08381744942947117,0.9231170229192979
fire_2,84911247,0.08134738148860876,0.9461318774134087
fire_2,84911248,0.07277564775138588,0.9596254490658542
fire_2,84918078,0.06725084023828312,0.9650751854232968
fire_2,84918079,0.06990540275711211,0.956183924422637
broad_low_1,90399131,0.04699029276339481,0.9645414242516342
broad_low_1,90399132,0.04834556039412752,0.9601895420137245
broad_low_1,90407226,0.04428328942951828,0.9694916447946796
broad_low_1,90407227,0.04051821557971474,0.9750167284937955
broad_low_1,90407228,0.03987856293908661,0.975891032773245
broad_low_1,90407229,0.04292135217389854,0.9715740180837372
broad_low_1,90407230,0.04829088937802896,0.963494510212216
broad_low_1,90407231,0.04903843882700052,0.960471476129138
broad_low_1,90407232,0.04602980624920029,0.9640231316915896
broad_low_1,90415331,0.04681161199772371,0.9652028533486001
broad_low_1,90415332,0.03973416774218963,0.9755654289771338
broad_low_1,90415333,0.04176116048575172,0.9735031190958473
broad_low_2,90415335,0.04791591487406864,0.9647671713215419
broad_low_2,90415336,0.04784003294095362,0.9640308711045394
broad_low_2,90415337,0.044781801371179604,0.9675533687802874
broad_low_2,90423462,0.044784495623058175,0.9680217113069175
broad_low_2,90423463,0.041175610245862984,0.9734259575626235
broad_low_2,90423464,0.04280310108273984,0.9713719704524066
broad_low_2,90423465,0.04562781645025515,0.9677607247984584
broad_low_2,90423466,0.04401811160036354,0.9701304377809679
broad_low_2,90423467,0.0422285691856081,0.9727328195022369
broad_low_2,90423468,0.043569780853189924,0.9694065125095512
broad_low_2,90431568,0.04483868116037729,0.9671144612259427
broad_low_2,90431569,0.04263732212297825,0.9707082777820906
broad_high_1,93665568,0.07994145781509066,0.8602282921180646
broad_high_1,93665569,0.08708576052674134,0.878941175621307
broad_high_1,93671599,0.08338842999581317,0.8447946295444383
broad_high_1,93671600,0.05211199556740517,0.9474084128629351
broad_high_1,93671601,0.060528234700019404,0.9318544913645941
broad_high_1,93671602,0.08076411872103394,0.8345043158468586
broad_high_1,93671603,0.06447404594575451,0.9101263788094127
broad_high_1,93671604,0.07833642892461487,0.9058640367932663
broad_high_1,93671605,0.07641461274722605,0.9265878506151441
broad_high_1,93677701,0.0811884094337366,0.8505698057286821
broad_high_1,93677702,0.051818464069381044,0.9366386595961789
broad_high_1,93677703,0.04732089163423652,0.9493870247835806
broad_high_2,93677705,0.074217951385231,0.9223042904135693
broad_high_2,93677706,0.06108945192233608,0.9533231922704416
broad_high_2,93677707,0.05468541718850686,0.9587720186948779
broad_high_2,93683767,0.07678814995213852,0.8618891666858812
broad_high_2,93683768,0.07165664351550134,0.8897494493221706
broad_high_2,93683769,0.05515194424496474,0.92283149136921
broad_high_2,93683770,0.05579651623769653,0.9369454792736202
broad_high_2,93683771,0.05466461790491326,0.9672279989037335
broad_high_2,93683772,0.05587271196264734,0.969424700755293
broad_high_2,93683773,0.05862090713799657,0.9525788439744338
broad_high_2,93689899,0.07807558198899121,0.8700332574745311
broad_high_2,93689900,0.0649557329141039,0.9307098027291888
ever_low_1,46039617,0.0912986719598449,0.40124468362262866
ever_low_1,46039618,0.08124338359271677,0.581145922071316
ever_low_1,46039619,0.0724872484396873,0.6299948798751985
ever_low_1,46039620,0.07845130646244008,0.5788621788994727
ever_low_1,46046483,0.06679854996039451,0.6202438607424616
ever_low_1,46046484,0.07035902007039047,0.6028967917545174
ever_low_1,46046485,0.07519136133943699,0.5622080405867731
ever_low_1,46046486,0.08157273489936243,0.5588916062800533
ever_low_1,46046487,0.07907441792034303,0.5780885619382748
ever_low_1,46053256,0.06643049219733323,0.6486013559668701
ever_low_1,46053257,0.06707807715898068,0.5983715706987466
ever_low_1,46053258,0.07054488560749346,0.5839409056317192
ever_low_2,46053260,0.08150536366254187,0.5017594798798319
ever_low_2,46059979,0.06757201555392499,0.7050688760588706
ever_low_2,46059980,0.08130697489633004,0.5787296649091994
ever_low_2,46059981,0.07732640626216189,0.5686122028715213
ever_low_2,46059982,0.06932379743161089,0.6340442794958859
ever_low_2,46059983,0.07704817579959666,0.5316616868724894
ever_low_2,46059984,0.07644881425312092,0.5355655442199065
ever_low_2,46066818,0.07189896407824434,0.6492582904250062
ever_low_2,46066819,0.09311673625353849,0.5535394817467791
ever_low_2,46066820,0.07339440775856139,0.645472989658052
ever_low_2,46066821,0.08711207142033939,0.4564299064905941
ever_low_2,46066822,0.08123106153088437,0.4587508296201815
ever_high_1,54218568,0.16247863643491134,0.45410386370092815
ever_high_1,54218569,0.15625879341847773,0.47188734397716925
ever_high_1,54225600,0.1318493622073668,0.4777220591868159
ever_high_1,54225601,0.1264585637778247,0.4769392246915543
ever_high_1,54225602,0.13176837303874275,0.3216317502814154
ever_high_1,54225603,0.13380156620779096,0.33399633336551116
ever_high_1,54225604,0.13178363630238887,0.3669624479238191
ever_high_1,54225605,0.14196305136537632,0.49442185717008563
ever_high_1,54225606,0.15499330610285444,0.4368333475761743
ever_high_1,54232659,0.13024502892831086,0.5637159843369213
ever_high_1,54232660,0.12990976960829456,0.446230279730106
ever_high_1,54232661,0.11397823900737908,0.6221037181287004
ever_high_2,54232663,0.14533579876693117,0.3413812191980798
ever_high_2,54232664,0.14354606004636877,0.3450881297218572
ever_high_2,54232665,0.1437651564658465,0.33595234637262095
ever_high_2,54239717,0.12999165372020116,0.6424506396312712
ever_high_2,54239718,0.1395500653224815,0.5632205778679726
ever_high_2,54239719,0.145590614347873,0.5348852346304159
ever_high_2,54239720,0.1468093122286227,0.5385451586007609
ever_high_2,54239721,0.15738418255930886,0.49077512571955606
ever_high_2,54239722,0.15999631732403033,0.2894668348222116
ever_high_2,54239723,0.15842335261459653,0.21992362623239683
ever_high_2,54246872,0.143380095624471,0.6388829841969115
ever_high_2,54246873,0.15164006534519292,0.6069023953935788
non_fire_1,84468269,0.08902454691157571,0.7504528100838956
non_fire_1,84468270,0.09942692859141088,0.6448104488314423
non_fire_1,84474637,0.07332862547757764,0.8657693667347354
non_fire_1,84474638,0.08555067165119767,0.7835418049557688
non_fire_1,84474639,0.09026927447294475,0.7443233925338781
non_fire_1,84474640,0.08785181524644761,0.7670261178810794
non_fire_1,84474641,0.0893730322268377,0.790879434812983
non_fire_1,84474642,0.09205654788085886,0.7817374226525741
non_fire_1,84474643,0.09334312161654516,0.6950237508546426
non_fire_1,84481033,0.07082069780911422,0.7965902606626639
non_fire_1,84481034,0.09085275668743516,0.7714353045424855
non_fire_1,84481035,0.10164069843769946,0.5744158443656506
non_fire_2,84481037,0.0780633800878254,0.7712117503929159
non_fire_2,84481038,0.0767205053961204,0.7463917241189875
non_fire_2,84481039,0.08169179649601778,0.7239494150177276
non_fire_2,84487421,0.09235724557527683,0.7622641958369712
non_fire_2,84487422,0.09878067895660686,0.6834347339731269
non_fire_2,84487423,0.08720138448583915,0.6669764196801619
non_fire_2,84487424,0.06627686013909417,0.774120226254393
non_fire_2,84487425,0.06446901812437751,0.6942019010115755
non_fire_2,84487426,0.059671001495551046,0.6216722516027078
non_fire_2,84487427,0.0737730387222675,0.6607858809152233
non_fire_2,84493820,0.09708589864940073,0.655852303516297
non_fire_2,84493821,0.08573401277698732,0.6550435871137484
storm_1,73572103,0.11517977672115419,0.8993690482854998
storm_1,73572104,0.07489128550125235,0.9566512872818588
storm_1,73577619,0.06599573978251,0.9492672896761036
storm_1,73577620,0.08743002906246072,0.9198590739488172
storm_1,73577621,0.13129800660718827,0.8445746640218759
storm_1,73577622,0.12921788999483816,0.8582256074745575
storm_1,73577623,0.1034960471784135,0.9073502684465637
storm_1,73577624,0.12572785478122744,0.8768642529120536
storm_1,73577625,0.0692832586466716,0.9622948225503078
storm_1,73583019,0.07958257312074928,0.9264422940304812
storm_1,73583020,0.10592465493859583,0.9074444341228571
storm_1,73583021,0.12163720436471279,0.8873743720355174
storm_2,73583023,0.10744912711258668,0.9017359127940817
storm_2,73583024,0.11879052852533803,0.8873633499357518
storm_2,73583025,0.06711119176343862,0.9598039139417255
storm_2,73588383,0.10195701736227812,0.883918138788411
storm_2,73588384,0.10773122991652669,0.8915185058767315
storm_2,73588385,0.11807323486139626,0.8947267003525037
storm_2,73588386,0.13547773523234255,0.8703950557049769
storm_2,73588387,0.10082183710600172,0.9099369943226541
storm_2,73588388,0.10164330372710109,0.8858764316309407
storm_2,73588389,0.0692584187953938,0.9520778366521692
storm_2,73593811,0.086424669402754,0.9177764626956123
storm_2,73593812,0.10456086247775152,0.8731326498196876
drought_1,426031,0.041724091286013294,0.9579280154497021
drought_1,426032,0.041581577664974244,0.9658820164767731
drought_1,427000,0.04443826671190256,0.9354618582492522
drought_1,427001,0.04525483188493224,0.9502719736385891
drought_1,427002,0.043318893592554954,0.9586540804055946
drought_1,427003,0.043047957557807597,0.9564824081793796
drought_1,427004,0.0430935751959157,0.952941159108675
drought_1,427005,0.03963778457571088,0.9627018318359528
drought_1,427006,0.04092551124822888,0.9574186181460567
drought_1,427957,0.046760237993860525,0.9314844579740515
drought_1,427958,0.04465457038400745,0.9532681637460102
drought_1,427959,0.04465557730790916,0.9566098873476118
drought_2,427961,0.0423700422105629,0.9541005298909024
drought_2,427962,0.04396410433792869,0.9502708914990088
drought_2,427963,0.043150930920998,0.94038643483108
drought_2,428932,0.04551913421285436,0.9321858044082504
drought_2,428933,0.04297020499578909,0.9436604797215077
drought_2,428934,0.043895909047803924,0.9532181464296545
drought_2,428935,0.04277577791437234,0.9524680014451898
drought_2,428936,0.042464593303918476,0.9538344832929063
drought_2,428937,0.043409922457282556,0.9510145310176128
drought_2,428938,0.0459817899364095,0.9347616192196196
drought_2,429864,0.044599422350371246,0.9241994134717828
drought_2,429865,0.040041328258731725,0.9321366561627009
